{
  "results": {
    "sigma_0.0": {
      "mean_deg_clip": -1.99783033222873e-06,
      "mean_deg_dino": -1.3660378340025504e-06,
      "mean_ratio": -0.0575,
      "std_ratio": 0.7469563240243702,
      "n": 200
    },
    "sigma_0.3": {
      "mean_deg_clip": 0.13081413939934788,
      "mean_deg_dino": 0.1980297748893495,
      "mean_ratio": 0.661914714705881,
      "std_ratio": 0.050366801514849194,
      "n": 200
    },
    "sigma_0.7": {
      "mean_deg_clip": 0.7025910118981487,
      "mean_deg_dino": 1.050651424360056,
      "mean_ratio": 0.6703694277732926,
      "std_ratio": 0.055379156303848376,
      "n": 200
    },
    "sigma_1.0": {
      "mean_deg_clip": 1.4182812850205335,
      "mean_deg_dino": 2.0910189060943907,
      "mean_ratio": 0.6803225932822323,
      "std_ratio": 0.0549563295779818,
      "n": 200
    }
  },
  "n_images": 200,
  "device": "cpu"
}