{
  "results": {
    "sigma_0.0": {
      "mean_deg_clip": -2.0490567510038255e-06,
      "mean_deg_dino": 2.2767297233375836e-07,
      "mean_ratio": 0.03333333333333333,
      "std_ratio": 0.6046119049072352,
      "n": 30
    },
    "sigma_0.3": {
      "mean_deg_clip": 0.13210974659935895,
      "mean_deg_dino": 0.20123035030799868,
      "mean_ratio": 0.657737729210057,
      "std_ratio": 0.05314041395527869,
      "n": 30
    },
    "sigma_0.7": {
      "mean_deg_clip": 0.715081874022066,
      "mean_deg_dino": 1.0453652336028705,
      "mean_ratio": 0.6859083869159124,
      "std_ratio": 0.05258034737307965,
      "n": 30
    },
    "sigma_1.0": {
      "mean_deg_clip": 1.4007679798942312,
      "mean_deg_dino": 2.05178290717455,
      "mean_ratio": 0.6841066235934181,
      "std_ratio": 0.0562875509989072,
      "n": 30
    }
  },
  "n_images": 30,
  "device": "cpu"
}